{
    "lanes": [
        {
            "path_id": 1,
            "turn": 2,
            "direction": 3,
            "adas": {
                "tl": [
                    4,
                    5
                ]
            },
            "connected_to": [
                2
            ],
            "from_link_id": [
                7
            ],
            "to_link_id": [
                8
            ],
            "start": [
                -79.7768405603682,
                36.0791180716963
            ],
            "end": [
                -79.7762229973496,
                36.079411979781
            ],
            "left_boundary": {
                "type": "virtual",
                "boundary": [
                    [
                        0,
                        0
                    ],
                    [
                        0,
                        0
                    ],
                    [
                        0,
                        0
                    ],
                    [
                        0,
                        0
                    ],
                    [
                        0,
                        0
                    ],
                    [
                        0,
                        0
                    ],
                    [
                        0,
                        0
                    ],
                    [
                        0,
                        0
                    ],
                    [
                        0,
                        0
                    ],
                    [
                        0,
                        0
                    ],
                    [
                        0,
                        0
                    ],
                    [
                        0,
                        0
                    ],
                    [
                        0,
                        0
                    ],
                    [
                        0,
                        0
                    ]
                ]
            },
            "right_boundary": {
                "type": "virtual",
                "boundary": [
                    [
                        0,
                        0
                    ],
                    [
                        0,
                        0
                    ],
                    [
                        0,
                        0
                    ],
                    [
                        0,
                        0
                    ],
                    [
                        0,
                        0
                    ],
                    [
                        0,
                        0
                    ],
                    [
                        0,
                        0
                    ],
                    [
                        0,
                        0
                    ],
                    [
                        0,
                        0
                    ],
                    [
                        0,
                        0
                    ],
                    [
                        0,
                        0
                    ],
                    [
                        0,
                        0
                    ],
                    [
                        0,
                        0
                    ],
                    [
                        0,
                        0
                    ]
                ]
            },
            "center": [
                [
                    -79.7768405603682,
                    36.0791180716963
                ],
                [
                    -79.7768193960198,
                    36.0791271666511
                ],
                [
                    -79.7767696598018,
                    36.0791485397903
                ],
                [
                    -79.7766942785891,
                    36.079181481863
                ],
                [
                    -79.7766096883076,
                    36.0792200269035
                ],
                [
                    -79.7765243546961,
                    36.0792605369267
                ],
                [
                    -79.776466715403,
                    36.0792864032585
                ],
                [
                    -79.7764269900947,
                    36.0793062169802
                ],
                [
                    -79.776400286883,
                    36.0793182406461
                ],
                [
                    -79.7763736843334,
                    36.0793335121958
                ],
                [
                    -79.7763062609698,
                    36.0793652285691
                ],
                [
                    -79.7762726793448,
                    36.0793802080767
                ],
                [
                    -79.7762438932537,
                    36.0793942238504
                ],
                [
                    -79.7762229973496,
                    36.079411979781
                ]
            ]
        },
        {
            "path_id": 2,
            "turn": 2,
            "direction": 3,
            "adas": {
                "tl": [
                    4,
                    5
                ]
            },
            "connected_to": [
                3
            ],
            "from_link_id": [
                7
            ],
            "to_link_id": [
                8
            ],
            "start": [
                -79.7762229973496,
                36.079411979781
            ],
            "end": [
                -79.7761336109968,
                36.0795753159254
            ],
            "left_boundary": {
                "type": "virtual",
                "boundary": [
                    [
                        0,
                        0
                    ],
                    [
                        0,
                        0
                    ],
                    [
                        0,
                        0
                    ],
                    [
                        0,
                        0
                    ],
                    [
                        0,
                        0
                    ],
                    [
                        0,
                        0
                    ],
                    [
                        0,
                        0
                    ],
                    [
                        0,
                        0
                    ],
                    [
                        0,
                        0
                    ],
                    [
                        0,
                        0
                    ],
                    [
                        0,
                        0
                    ],
                    [
                        0,
                        0
                    ],
                    [
                        0,
                        0
                    ],
                    [
                        0,
                        0
                    ]
                ]
            },
            "right_boundary": {
                "type": "virtual",
                "boundary": [
                    [
                        0,
                        0
                    ],
                    [
                        0,
                        0
                    ],
                    [
                        0,
                        0
                    ],
                    [
                        0,
                        0
                    ],
                    [
                        0,
                        0
                    ],
                    [
                        0,
                        0
                    ],
                    [
                        0,
                        0
                    ],
                    [
                        0,
                        0
                    ],
                    [
                        0,
                        0
                    ],
                    [
                        0,
                        0
                    ],
                    [
                        0,
                        0
                    ],
                    [
                        0,
                        0
                    ],
                    [
                        0,
                        0
                    ],
                    [
                        0,
                        0
                    ]
                ]
            },
            "center": [
                [
                    -79.7762229973496,
                    36.079411979781
                ],
                [
                    -79.7762001578595,
                    36.0794273160616
                ],
                [
                    -79.7761943262268,
                    36.0794315651875
                ],
                [
                    -79.7761860257892,
                    36.0794386183369
                ],
                [
                    -79.7761706593174,
                    36.0794513226218
                ],
                [
                    -79.7761599433921,
                    36.0794628999875
                ],
                [
                    -79.7761492274583,
                    36.0794744773526
                ],
                [
                    -79.7761389585449,
                    36.0794867341755
                ],
                [
                    -79.7761342342028,
                    36.0794992229994
                ],
                [
                    -79.7761277751296,
                    36.0795107141777
                ],
                [
                    -79.7761269672611,
                    36.0795258777463
                ],
                [
                    -79.7761292351584,
                    36.0795440773355
                ],
                [
                    -79.7761310560443,
                    36.0795615974613
                ],
                [
                    -79.7761336109968,
                    36.0795753159254
                ]
            ]
        },
        {
            "path_id": 3,
            "turn": 2,
            "direction": 3,
            "adas": {
                "tl": [
                    4,
                    5
                ]
            },
            "connected_to": [
                4
            ],
            "from_link_id": [
                7
            ],
            "to_link_id": [
                8
            ],
            "start": [
                -79.7761336109968,
                36.0795753159254
            ],
            "end": [
                -79.7760471626335,
                36.0796734236399
            ],
            "left_boundary": {
                "type": "virtual",
                "boundary": [
                    [
                        0.0,
                        0.0
                    ],
                    [
                        0.0,
                        0.0
                    ],
                    [
                        0.0,
                        0.0
                    ],
                    [
                        0.0,
                        0.0
                    ],
                    [
                        0.0,
                        0.0
                    ],
                    [
                        0.0,
                        0.0
                    ],
                    [
                        0.0,
                        0.0
                    ],
                    [
                        0.0,
                        0.0
                    ]
                ]
            },
            "right_boundary": {
                "type": "virtual",
                "boundary": [
                    [
                        0.0,
                        0.0
                    ],
                    [
                        0.0,
                        0.0
                    ],
                    [
                        0.0,
                        0.0
                    ],
                    [
                        0.0,
                        0.0
                    ],
                    [
                        0.0,
                        0.0
                    ],
                    [
                        0.0,
                        0.0
                    ],
                    [
                        0.0,
                        0.0
                    ],
                    [
                        0.0,
                        0.0
                    ]
                ]
            },
            "center": [
                [
                    -79.7761336109968,
                    36.0795753159254
                ],
                [
                    -79.7761344976524,
                    36.0795914442565
                ],
                [
                    -79.7761334560386,
                    36.0796128091225
                ],
                [
                    -79.7761254755016,
                    36.0796301834099
                ],
                [
                    -79.7761079806035,
                    36.0796429307548
                ],
                [
                    -79.7760870162438,
                    36.0796536828118
                ],
                [
                    -79.7760635297625,
                    36.0796655186914
                ],
                [
                    -79.7760471626335,
                    36.0796734236399
                ]
            ]
        },
        {
            "path_id": 4,
            "turn": 2,
            "direction": 3,
            "adas": {
                "tl": [
                    4,
                    5
                ]
            },
            "connected_to": [
                5
            ],
            "from_link_id": [
                7
            ],
            "to_link_id": [
                8
            ],
            "start": [
                -79.7760471626335,
                36.0796734236399
            ],
            "end": [
                -79.7757403138035,
                36.0798163749829
            ],
            "left_boundary": {
                "type": "virtual",
                "boundary": [
                    [
                        0.0,
                        0.0
                    ],
                    [
                        0.0,
                        0.0
                    ],
                    [
                        0.0,
                        0.0
                    ],
                    [
                        0.0,
                        0.0
                    ],
                    [
                        0.0,
                        0.0
                    ],
                    [
                        0.0,
                        0.0
                    ],
                    [
                        0.0,
                        0.0
                    ],
                    [
                        0.0,
                        0.0
                    ],
                    [
                        0.0,
                        0.0
                    ],
                    [
                        0.0,
                        0.0
                    ],
                    [
                        0.0,
                        0.0
                    ],
                    [
                        0.0,
                        0.0
                    ]
                ]
            },
            "right_boundary": {
                "type": "virtual",
                "boundary": [
                    [
                        0.0,
                        0.0
                    ],
                    [
                        0.0,
                        0.0
                    ],
                    [
                        0.0,
                        0.0
                    ],
                    [
                        0.0,
                        0.0
                    ],
                    [
                        0.0,
                        0.0
                    ],
                    [
                        0.0,
                        0.0
                    ],
                    [
                        0.0,
                        0.0
                    ],
                    [
                        0.0,
                        0.0
                    ],
                    [
                        0.0,
                        0.0
                    ],
                    [
                        0.0,
                        0.0
                    ],
                    [
                        0.0,
                        0.0
                    ],
                    [
                        0.0,
                        0.0
                    ]
                ]
            },
            "center": [
                [
                    -79.7760471626335,
                    36.0796734236399
                ],
                [
                    -79.7760237959204,
                    36.0796841876834
                ],
                [
                    -79.7759988486403,
                    36.0796969824616
                ],
                [
                    -79.7759701696902,
                    36.0797093065752
                ],
                [
                    -79.775947535608,
                    36.0797204158885
                ],
                [
                    -79.7759095616222,
                    36.0797381171653
                ],
                [
                    -79.7758829681219,
                    36.0797523107818
                ],
                [
                    -79.7758559665879,
                    36.0797646016752
                ],
                [
                    -79.775833644834,
                    36.0797748853441
                ],
                [
                    -79.7758069667401,
                    36.0797863496241
                ],
                [
                    -79.7757776631349,
                    36.0798003249964
                ],
                [
                    -79.7757403138035,
                    36.0798163749829
                ]
            ]
        },
        {
            "path_id": 5,
            "turn": 2,
            "direction": 3,
            "adas": {
                "tl": [
                    4,
                    5
                ]
            },
            "connected_to": [
                6
            ],
            "from_link_id": [
                7
            ],
            "to_link_id": [
                8
            ],
            "start": [
                -79.7757403138035,
                36.0798163749829
            ],
            "end": [
                -79.7756282688776,
                36.0797774046064
            ],
            "left_boundary": {
                "type": "virtual",
                "boundary": [
                    [
                        0.0,
                        0.0
                    ],
                    [
                        0.0,
                        0.0
                    ],
                    [
                        0.0,
                        0.0
                    ],
                    [
                        0.0,
                        0.0
                    ],
                    [
                        0.0,
                        0.0
                    ],
                    [
                        0.0,
                        0.0
                    ],
                    [
                        0.0,
                        0.0
                    ]
                ]
            },
            "right_boundary": {
                "type": "virtual",
                "boundary": [
                    [
                        0.0,
                        0.0
                    ],
                    [
                        0.0,
                        0.0
                    ],
                    [
                        0.0,
                        0.0
                    ],
                    [
                        0.0,
                        0.0
                    ],
                    [
                        0.0,
                        0.0
                    ],
                    [
                        0.0,
                        0.0
                    ],
                    [
                        0.0,
                        0.0
                    ]
                ]
            },
            "center": [
                [
                    -79.7757403138035,
                    36.0798163749829
                ],
                [
                    -79.7757137788418,
                    36.0798215549683
                ],
                [
                    -79.7756965389217,
                    36.0798213577855
                ],
                [
                    -79.7756774835798,
                    36.079817100792
                ],
                [
                    -79.7756613660775,
                    36.0798095070692
                ],
                [
                    -79.7756422846843,
                    36.0797935071152
                ],
                [
                    -79.7756282688776,
                    36.0797774046064
                ]
            ]
        },
        {
            "path_id": 6,
            "turn": 2,
            "direction": 3,
            "adas": {
                "tl": [
                    4,
                    5
                ]
            },
            "connected_to": [
                -1
            ],
            "from_link_id": [
                7
            ],
            "to_link_id": [
                8
            ],
            "start": [
                -79.7756282688776,
                36.0797774046064
            ],
            "end": [
                -79.7755698251049,
                36.0796955033802
            ],
            "left_boundary": {
                "type": "virtual",
                "boundary": [
                    [
                        0.0,
                        0.0
                    ],
                    [
                        0.0,
                        0.0
                    ],
                    [
                        0.0,
                        0.0
                    ],
                    [
                        0.0,
                        0.0
                    ],
                    [
                        0.0,
                        0.0
                    ],
                    [
                        0.0,
                        0.0
                    ],
                    [
                        0.0,
                        0.0
                    ]
                ]
            },
            "right_boundary": {
                "type": "virtual",
                "boundary": [
                    [
                        0.0,
                        0.0
                    ],
                    [
                        0.0,
                        0.0
                    ],
                    [
                        0.0,
                        0.0
                    ],
                    [
                        0.0,
                        0.0
                    ],
                    [
                        0.0,
                        0.0
                    ],
                    [
                        0.0,
                        0.0
                    ],
                    [
                        0.0,
                        0.0
                    ]
                ]
            },
            "center": [
                [
                    -79.7756282688776,
                    36.0797774046064
                ],
                [
                    -79.7756210916662,
                    36.0797646154532
                ],
                [
                    -79.7756079445691,
                    36.0797468351465
                ],
                [
                    -79.7755983309258,
                    36.0797322224114
                ],
                [
                    -79.7755875872381,
                    36.0797180952839
                ],
                [
                    -79.7755776003572,
                    36.0797062201325
                ],
                [
                    -79.7755698251049,
                    36.0796955033802
                ]
            ]
        }
    ]
}