{
    "lanes": [
        {
            "path_id": 1,
            "turn": 2,
            "direction": 3,
            "adas": {
                "tl": [
                    4,
                    5
                ]
            },
            "connected_to": [
                -1
            ],
            "from_link_id": [
                7
            ],
            "to_link_id": [
                8
            ],
            "start": [
                -79.7768443691478,
                36.0791221607474
            ],
            "end": [
                -79.7763334233982,
                36.0793616590904
            ],
            "left_boundary": {
                "type": "virtual",
                "boundary": [
                    [
                        0.0,
                        0.0
                    ],
                    [
                        0.0,
                        0.0
                    ],
                    [
                        0.0,
                        0.0
                    ]
                ]
            },
            "right_boundary": {
                "type": "virtual",
                "boundary": [
                    [
                        0.0,
                        0.0
                    ],
                    [
                        0.0,
                        0.0
                    ],
                    [
                        0.0,
                        0.0
                    ]
                ]
            },
            "center": [
                [
                    -79.7768443691478,
                    36.0791221607474
                ],
                [
                    -79.7766189581151,
                    36.0792233108566
                ],
                [
                    -79.7763334233982,
                    36.0793616590904
                ]
            ]
        },
        {
            "path_id": 2,
            "turn": 2,
            "direction": 3,
            "adas": {
                "tl": [
                    4,
                    5
                ]
            },
            "connected_to": [
                1
            ],
            "from_link_id": [
                7
            ],
            "to_link_id": [
                8
            ],
            "start": [
                -79.7763334233982,
                36.0793616590904
            ],
            "end": [
                -79.7761563234533,
                36.0795993577624
            ],
            "left_boundary": {
                "type": "virtual",
                "boundary": [
                    [
                        0,
                        0
                    ],
                    [
                        0,
                        0
                    ],
                    [
                        0,
                        0
                    ],
                    [
                        0,
                        0
                    ],
                    [
                        0,
                        0
                    ],
                    [
                        0,
                        0
                    ],
                    [
                        0,
                        0
                    ],
                    [
                        0,
                        0
                    ],
                    [
                        0,
                        0
                    ],
                    [
                        0,
                        0
                    ],
                    [
                        0,
                        0
                    ],
                    [
                        0,
                        0
                    ],
                    [
                        0,
                        0
                    ],
                    [
                        0,
                        0
                    ],
                    [
                        0,
                        0
                    ],
                    [
                        0,
                        0
                    ],
                    [
                        0,
                        0
                    ],
                    [
                        0,
                        0
                    ],
                    [
                        0,
                        0
                    ],
                    [
                        0,
                        0
                    ]
                ]
            },
            "right_boundary": {
                "type": "virtual",
                "boundary": [
                    [
                        0,
                        0
                    ],
                    [
                        0,
                        0
                    ],
                    [
                        0,
                        0
                    ],
                    [
                        0,
                        0
                    ],
                    [
                        0,
                        0
                    ],
                    [
                        0,
                        0
                    ],
                    [
                        0,
                        0
                    ],
                    [
                        0,
                        0
                    ],
                    [
                        0,
                        0
                    ],
                    [
                        0,
                        0
                    ],
                    [
                        0,
                        0
                    ],
                    [
                        0,
                        0
                    ],
                    [
                        0,
                        0
                    ],
                    [
                        0,
                        0
                    ],
                    [
                        0,
                        0
                    ],
                    [
                        0,
                        0
                    ],
                    [
                        0,
                        0
                    ],
                    [
                        0,
                        0
                    ],
                    [
                        0,
                        0
                    ],
                    [
                        0,
                        0
                    ]
                ]
            },
            "center": [
                [
                    -79.7763334233982,
                    36.0793616590904
                ],
                [
                    -79.7763105324456,
                    36.0793740567271
                ],
                [
                    -79.7762981186181,
                    36.0793792129263
                ],
                [
                    -79.7762813641289,
                    36.0793891562487
                ],
                [
                    -79.7762608820386,
                    36.0794003488068
                ],
                [
                    -79.7762398168877,
                    36.0794133134179
                ],
                [
                    -79.776222594003,
                    36.0794238982784
                ],
                [
                    -79.7762094946569,
                    36.079436686337
                ],
                [
                    -79.7761981077719,
                    36.0794498459915
                ],
                [
                    -79.7761848983712,
                    36.0794639861368
                ],
                [
                    -79.7761747056597,
                    36.079478588858
                ],
                [
                    -79.7761696224473,
                    36.0794949852471
                ],
                [
                    -79.7761653445976,
                    36.0795098918641
                ],
                [
                    -79.7761615780708,
                    36.0795258169126
                ],
                [
                    -79.7761571095258,
                    36.0795386779361
                ],
                [
                    -79.776153471432,
                    36.0795505235424
                ],
                [
                    -79.776149248522,
                    36.0795622243167
                ],
                [
                    -79.7761491926017,
                    36.0795710162583
                ],
                [
                    -79.7761510965091,
                    36.0795876632062
                ],
                [
                    -79.7761563234533,
                    36.0795993577624
                ]
            ]
        },
        {
            "path_id": 3,
            "turn": 2,
            "direction": 3,
            "adas": {
                "tl": [
                    4,
                    5
                ]
            },
            "connected_to": [
                2
            ],
            "from_link_id": [
                7
            ],
            "to_link_id": [
                8
            ],
            "start": [
                -79.7761563234533,
                36.0795993577624
            ],
            "end": [
                -79.7761170380457,
                36.0796418666955
            ],
            "left_boundary": {
                "type": "virtual",
                "boundary": [
                    [
                        0.0,
                        0.0
                    ],
                    [
                        0.0,
                        0.0
                    ],
                    [
                        0.0,
                        0.0
                    ],
                    [
                        0.0,
                        0.0
                    ]
                ]
            },
            "right_boundary": {
                "type": "virtual",
                "boundary": [
                    [
                        0.0,
                        0.0
                    ],
                    [
                        0.0,
                        0.0
                    ],
                    [
                        0.0,
                        0.0
                    ],
                    [
                        0.0,
                        0.0
                    ]
                ]
            },
            "center": [
                [
                    -79.7761563234533,
                    36.0795993577624
                ],
                [
                    -79.7761532690288,
                    36.0796159657358
                ],
                [
                    -79.7761414877235,
                    36.0796302920789
                ],
                [
                    -79.7761170380457,
                    36.0796418666955
                ]
            ]
        },
        {
            "path_id": 4,
            "turn": 2,
            "direction": 3,
            "adas": {
                "tl": [
                    4,
                    5
                ]
            },
            "connected_to": [
                3
            ],
            "from_link_id": [
                7
            ],
            "to_link_id": [
                8
            ],
            "start": [
                -79.7761170380457,
                36.0796418666955
            ],
            "end": [
                -79.7757426754459,
                36.0798210825154
            ],
            "left_boundary": {
                "type": "virtual",
                "boundary": [
                    [
                        0.0,
                        0.0
                    ],
                    [
                        0.0,
                        0.0
                    ]
                ]
            },
            "right_boundary": {
                "type": "virtual",
                "boundary": [
                    [
                        0.0,
                        0.0
                    ],
                    [
                        0.0,
                        0.0
                    ]
                ]
            },
            "center": [
                [
                    -79.7761170380457,
                    36.0796418666955
                ],
                [
                    -79.7757426754459,
                    36.0798210825154
                ]
            ]
        },
        {
            "path_id": 5,
            "turn": 2,
            "direction": 3,
            "adas": {
                "tl": [
                    4,
                    5
                ]
            },
            "connected_to": [
                4
            ],
            "from_link_id": [
                7
            ],
            "to_link_id": [
                8
            ],
            "start": [
                -79.7757426754459,
                36.0798210825154
            ],
            "end": [
                -79.7756425519613,
                36.0798161796591
            ],
            "left_boundary": {
                "type": "virtual",
                "boundary": [
                    [
                        0.0,
                        0.0
                    ],
                    [
                        0.0,
                        0.0
                    ],
                    [
                        0.0,
                        0.0
                    ],
                    [
                        0.0,
                        0.0
                    ],
                    [
                        0.0,
                        0.0
                    ],
                    [
                        0.0,
                        0.0
                    ]
                ]
            },
            "right_boundary": {
                "type": "virtual",
                "boundary": [
                    [
                        0.0,
                        0.0
                    ],
                    [
                        0.0,
                        0.0
                    ],
                    [
                        0.0,
                        0.0
                    ],
                    [
                        0.0,
                        0.0
                    ],
                    [
                        0.0,
                        0.0
                    ],
                    [
                        0.0,
                        0.0
                    ]
                ]
            },
            "center": [
                [
                    -79.7757426754459,
                    36.0798210825154
                ],
                [
                    -79.7757229000323,
                    36.0798290092473
                ],
                [
                    -79.7757026814268,
                    36.0798313367558
                ],
                [
                    -79.7756780888086,
                    36.0798294106109
                ],
                [
                    -79.7756564118721,
                    36.0798222264638
                ],
                [
                    -79.7756425519613,
                    36.0798161796591
                ]
            ]
        },
        {
            "path_id": 6,
            "turn": 2,
            "direction": 3,
            "adas": {
                "tl": [
                    4,
                    5
                ]
            },
            "connected_to": [
                5
            ],
            "from_link_id": [
                7
            ],
            "to_link_id": [
                8
            ],
            "start": [
                -79.7756425519613,
                36.0798161796591
            ],
            "end": [
                -79.7755445936219,
                36.0796775508769
            ],
            "left_boundary": {
                "type": "virtual",
                "boundary": [
                    [
                        0.0,
                        0.0
                    ],
                    [
                        0.0,
                        0.0
                    ],
                    [
                        0.0,
                        0.0
                    ],
                    [
                        0.0,
                        0.0
                    ],
                    [
                        0.0,
                        0.0
                    ],
                    [
                        0.0,
                        0.0
                    ],
                    [
                        0.0,
                        0.0
                    ],
                    [
                        0.0,
                        0.0
                    ],
                    [
                        0.0,
                        0.0
                    ],
                    [
                        0.0,
                        0.0
                    ]
                ]
            },
            "right_boundary": {
                "type": "virtual",
                "boundary": [
                    [
                        0.0,
                        0.0
                    ],
                    [
                        0.0,
                        0.0
                    ],
                    [
                        0.0,
                        0.0
                    ],
                    [
                        0.0,
                        0.0
                    ],
                    [
                        0.0,
                        0.0
                    ],
                    [
                        0.0,
                        0.0
                    ],
                    [
                        0.0,
                        0.0
                    ],
                    [
                        0.0,
                        0.0
                    ],
                    [
                        0.0,
                        0.0
                    ],
                    [
                        0.0,
                        0.0
                    ]
                ]
            },
            "center": [
                [
                    -79.7756425519613,
                    36.0798161796591
                ],
                [
                    -79.7756340115132,
                    36.07980264467
                ],
                [
                    -79.7756265620419,
                    36.0797924655738
                ],
                [
                    -79.7756173813179,
                    36.0797791280126
                ],
                [
                    -79.7756078543441,
                    36.0797651587563
                ],
                [
                    -79.775595443879,
                    36.0797483563778
                ],
                [
                    -79.7755805442063,
                    36.079727195934
                ],
                [
                    -79.7755709449646,
                    36.0797124387528
                ],
                [
                    -79.7755564082347,
                    36.0796932006013
                ],
                [
                    -79.7755445936219,
                    36.0796775508769
                ]
            ]
        }
    ]
}
